{"cameraMode":{"drawMode":0,"name":"Shaded","section":"Shading Mode"},"sceneLighting":true,"audioPlay":false,"sceneViewState":{"m_AlwaysRefresh":false,"showFog":true,"showSkybox":true,"showFlares":true,"showImageEffects":true,"showParticleSystems":true,"showVisualEffectGraphs":true,"m_FxEnabled":true},"in2DMode":false,"pivot":{"x":-18.860109329223634,"y":11.969184875488282,"z":-21.994598388671876},"rotation":{"x":0.18158113956451417,"y":0.25800609588623049,"z":-0.04941863939166069,"w":0.9476608633995056},"size":2.9428155422210695,"orthographic":false}