{"cameraMode":{"drawMode":0,"name":"Shaded","section":"Shading Mode"},"sceneLighting":true,"audioPlay":false,"sceneViewState":{"m_AlwaysRefresh":false,"showFog":true,"showSkybox":true,"showFlares":true,"showImageEffects":true,"showParticleSystems":true,"showVisualEffectGraphs":true,"m_FxEnabled":true},"in2DMode":false,"pivot":{"x":-2.389578342437744,"y":0.027080535888671876,"z":-2.824544906616211},"rotation":{"x":-0.2549046277999878,"y":-0.44925427436828616,"z":0.13543081283569337,"w":-0.8455088138580322},"size":16.686555862426759,"orthographic":false}